ID	Name	Designator	Footprint	Quantity	Manufacturer Part	Manufacturer	Supplier	Supplier Part	Price	Pins	3DModel	Contributor	JLCPCB Part Class	link
"1"	"100nF"	"C1,C5,C7"	"C0402"	"3"	"CL05B104KB54PNC"	"SAMSUNG(三星)"	"LCSC"	"C307331"	"0.004"	"2"	"C0402_L1.0-W0.5-H0.5"	"LCSC"	"Basic Part"	"https://item.szlcsc.com/15869.html"
"2"	"10nF"	"C3"	"C0402"	"1"	"CL05B103KB5NNNC"	"SAMSUNG(三星)"	"LCSC"	"C15195"	"0.002"	"2"	"C0402_L1.0-W0.5-H0.5"	"lcsc"	"Basic Part"	"https://item.szlcsc.com/15869.html"
"3"	"10uF"	"C2,C9"	"C0603"	"2"	"CL10A106MA8NRNC"	"SAMSUNG(三星)"	"LCSC"	"C96446"	"0.018"	"2"	"C0603_L1.6-W0.8-H0.8"	"lcsc"	"Basic Part"	"https://item.szlcsc.com/362304.html"
"4"	"22uF"	"C4,C8"	"C0805"	"2"	"CL21A226MAQNNNE"	"SAMSUNG(三星)"	"LCSC"	"C45783"	"0.031"	"2"	"C0805_L2.0-W1.3-H1.3"	"lcsc"	"Basic Part"	"https://item.szlcsc.com/373011.html"
"5"	"100uF"	"C6"	"CAP-SMD_BD6.3-L6.6-W6.6-LS7.2-R-RD"	"1"	"RVT1E101M0607"	"HONOR(荣誉)"	"LCSC"	"C3338"	"0.035"	"2"	"CAP-SMD_L6.6-W6.6-H7.0-LS7.2"	"lcsc"	"Extended Part"	"https://item.szlcsc.com/265679.html"
"6"	"SS24"	"D1,D2"	"SMA_L4.3-W2.6-LS5.2-RD"	"2"	"SS24"	"MDD(辰达半导体)"	"LCSC"	"C50645"	"0.022"	"2"	"SMA_L4.3-W2.6-LS5.2-RD"	"lcsc"	"Extended Part"	"https://item.szlcsc.com/34721.html"
"7"	"HDR-M-2.54_1x2"	"J2"	"HDR-M-2.54_1X2"	"1"	""	""	"LCSC"	"C124375"	"0.027"	"2"	"HDR-M-2.54_1x2"	"LCEDA_Lib"	""	""
"8"	"Breakable Jumper"	"JUMP1,JUMP6,JUMP7,JUMP8,JUMP9,JUMP10"	"BREAKABLE JUMPER"	"6"	""	""	""	""	""	"2"	""	"mathias_"	""	""
"9"	"Jumper"	"JUMP2,JUMP3,JUMP5"	"JUMPER"	"3"	""	""	""	""	""	"2"	""	"mathias_"	""	""
"10"	"Breakable Jumpber 3 Way"	"JUMP4"	"BREAKABLE JUMPER 3 WAY"	"1"	""	""	""	""	""	"3"	""	"mathias_"	""	""
"11"	"SRA-12VDC-CL"	"K1,K2,K3,K4"	"RELAY-TH_SRA-X-CX"	"4"	"SRA-12VDC-CL"	"松乐"	"LCSC"	"C60169"	"0.373"	"5"	"RELAY-TH_L16.0-W12.4-H14.2-C"	"lcsc"	"Extended Part"	"https://item.szlcsc.com/61221.html"
"12"	"4.7uH"	"L1"	"IND-SMD_L5.0-W5.0"	"1"	"SWPA5040S4R7NT"	"Sunlord(顺络)"	"LCSC"	"C305174"	""	"2"	"IND-SMD_L5.0-W5.0-H2.1"	"lcsc"	"Extended Part"	"https://item.szlcsc.com/332165.html"
"13"	"KT-0603R"	"LED1,LED2,LED3,LED4,LED5,LED6,LED7,LED8"	"LED0603-RD"	"8"	"KT-0603R"	"KENTO"	"LCSC"	"C2286"	"0.007"	"2"	"LED0603-RD"	"lcsc"	"Basic Part"	"https://item.szlcsc.com/347874.html"
"14"	"WJ301V-5.0-2P"	"P1,P6,P7,P8"	"CONN-TH_2P-P5.00_WJ301V-5.00-2P"	"4"	"WJ301V-5.0-02P-12-00A"	"KANGNEX(康奈克斯电气)"	"LCSC"	"C8475"	"0.101"	"2"	"CONN-TH_2P-P5.00_WJ301V-5.00-2P"	"立创EDA官方封装库"	"Extended Part"	"https://item.szlcsc.com/8969.html"
"15"	"WJ301V-5.0-3P"	"P2,P3,P4,P5"	"CONN-TH_2P-P5.00_WJ301V-5.00-3P"	"4"	"WJ301V-5.0-03P-12-00A"	"KANGNEX(康奈克斯电气)"	"LCSC"	"C8483"	"0.161"	"3"	"CONN-TH_2P-P5.00_WJ301V-5.00-3P"	"立创EDA官方封装库"	"Extended Part"	"https://item.szlcsc.com/8977.html"
"16"	"10kΩ"	"R1"	"R0805"	"1"	"0805W8F1002T5E"	"UNI-ROYAL(厚声)"	"LCSC"	"C17414"	"0.003"	"2"	"R0805_L2.0-W1.3-H0.6"	"lcsc"	"Basic Part"	"https://item.szlcsc.com/142685.html"
"17"	"120Ω"	"R2"	"R0603"	"1"	"0603WAF1200T5E"	"UNI-ROYAL(厚声)"	"LCSC"	"C22787"	"0.002"	"2"	"R0603"	"lcsc"	"Basic Part"	"https://www.mouser.in/datasheet/2/447/PYu_RT_1_to_0_01_RoHS_L_11-1669912.pdf"
"18"	"9.53kΩ"	"R4"	"R0603"	"1"	"0603WAF9531T5E"	"UNI-ROYAL(厚声)"	"LCSC"	"C23127"	"0.001"	"2"	"R0603"	"lcsc"	"Extended Part"	"https://www.mouser.in/datasheet/2/447/PYu_RT_1_to_0_01_RoHS_L_11-1669912.pdf"
"19"	"49.9kΩ"	"R5"	"R0603"	"1"	"0603WAF4992T5E"	"UNI-ROYAL(厚声)"	"LCSC"	"C23184"	"0.001"	"2"	"R0603"	"lcsc"	"Basic Part"	"https://www.mouser.in/datasheet/2/447/PYu_RT_1_to_0_01_RoHS_L_11-1669912.pdf"
"20"	"1kΩ"	"R6,R7,R8,R9,R10,R11,R12,R13"	"R0603"	"8"	"0603WAF1001T5E"	"UNI-ROYAL(厚声)"	"LCSC"	"C21190"	"0.002"	"2"	"R0603"	"lcsc"	"Basic Part"	"https://www.mouser.in/datasheet/2/447/PYu_RT_1_to_0_01_RoHS_L_11-1669912.pdf"
"21"	"220Ω"	"R14,R19,R20,R21"	"R0603"	"4"	"0603WAF2200T5E"	"UNI-ROYAL(厚声)"	"LCSC"	"C22962"	"0.001"	"2"	"R0603"	"lcsc"	"Basic Part"	"https://www.mouser.in/datasheet/2/447/PYu_RT_1_to_0_01_RoHS_L_11-1669912.pdf"
"22"	"10kΩ"	"R15,R16,R17,R18,R26,R27,R28,R29,R30"	"R0603"	"9"	"0603WAF1002T5E"	"UNI-ROYAL(厚声)"	"LCSC"	"C25804"	"0.001"	"2"	"R0603"	"lcsc"	"Basic Part"	"https://www.mouser.in/datasheet/2/447/PYu_RT_1_to_0_01_RoHS_L_11-1669912.pdf"
"23"	"4.7kΩ"	"R22,R23,R24,R25"	"R0603"	"4"	"0603WAF4701T5E"	"UNI-ROYAL(厚声)"	"LCSC"	"C23162"	"0.001"	"2"	"R0603"	"lcsc"	"Basic Part"	"https://www.mouser.in/datasheet/2/447/PYu_RT_1_to_0_01_RoHS_L_11-1669912.pdf"
"24"	"100kΩ"	"R3"	"R0402"	"1"	"0402WGF1003TCE"	"UNI-ROYAL(厚声)"	"LCSC"	"C25741"	"0.001"	"2"	"R0402_L1.0-W0.5-H0.4"	"lcsc"	"Basic Part"	"https://item.szlcsc.com/323315.html"
"25"	"R-RJ45R08P-2006"	"RJ1"	"RJ45-TH_R-RJ45R08P-2006"	"1"	"R-RJ45R08P-2006"	"Ckmtw(灿科盟)"	"LCSC"	"C386761"	"0.857"	"19"	"RJ45-TH_R-RJ45R08P-2006"	"LCSC"	"Extended Part"	"https://item.szlcsc.com/360868.html"
"26"	"TEST POINT 1mm"	"TP1,TP2,TP3,TP4,TP5,TP6,TP7,TP8,TP9,TP10,TP11,TP12,TP14,TP15"	"TEST POINT 1MM"	"14"	""	""	""	""	""	"1"	""	"mathias_"	""	""
"27"	"TEST POINT 1.5mm"	"TP13"	"TEST POINT 1.5MM"	"1"	""	""	""	""	""	"1"	""	"mathias_"	""	""
"28"	"ESP32 WROOM"	"U1"	"ESP32 WROOM CH340"	"1"	""	"ESP32 WROOM genérico"	"Modulo Luis"	"LSL0001"	""	"30"	""	"louis.miguel.h.s"	""	"https://www.luismiguelhs.com/tienda"
"29"	"SN65HVD230DR"	"U2"	"SOIC-8_L4.9-W3.9-P1.27-LS6.0-BL"	"1"	"SN65HVD230DR"	"TI(德州仪器)"	"LCSC"	"C12084"	"0.929"	"8"	"SOIC-8_L4.9-W3.9-H1.7-LS6.0-P1.27"	"lcsc"	"Extended Part"	"https://so.szlcsc.com/global.html?c=&k=C9843"
"30"	"MP2359DJ-LF-Z-MS"	"U3"	"SOT-23-6_L2.9-W1.6-P0.95-LS2.8-BR"	"1"	"MP2359DJ-LF-Z-MS"	"MSKSEMI(美森科)"	"LCSC"	"C30197555"	"0.178"	"6"	"SOT-23-6_L2.9-W1.6-H1.5-LS2.8-P0.95"	"lcsc"	"Extended Part"	"https://item.szlcsc.com/169042.html"
"31"	"ULN2803AD"	"U4"	"SOP-18_L11.4-W7.6-P1.27-LS10.6-BL"	"1"	"ULN2803AD"	"HTC"	"LCSC"	"C481684"	"0.551"	"18"	"SOP-18_L11.5-W7.5-H2.5-LS10.3-P1.27"	"LCSC"	"Extended Part"	"https://item.szlcsc.com/299188.html"
"32"	"PC817X2NSZW"	"U5,U6,U7,U8,U9,U10,U11,U12"	"DIP-4_L6.4-W4.6-P2.54-LS7.6-BL"	"8"	"PC817X2NSZW"	"SHARP(夏普)"	"LCSC"	"C5350"	"0.077"	"4"	"DIP-4_L6.4-W4.6-P2.54-LS7.6-BL"	"lcsc"	"Extended Part"	"https://atta.szlcsc.com/upload/public/pdf/source/20161024/1477288588740.pdf"
"33"	"HDR-M-2.54_1x6"	"J6"	"HDR-M-2.54_1X6"	"1"	""	""	"LCSC"	"C190819"	"0.042"	"6"	"HDR-M-2.54_1x6"	"LCEDA_Lib"	""	""
"34"	"HDR-M-2.54_1x4"	"J7"	"HDR-M-2.54_1X4"	"1"	""	""	"LCSC"	"C124378"	"0.048"	"4"	"HDR-M-2.54_1x4"	"LCEDA_Lib"	""	""
