Designator	Footprint	Mid X	Mid Y	Ref X	Ref Y	Pad X	Pad Y	Layer	Rotation	Comment
"C1"	"C0402"	"36.96mm"	"21.97mm"	"36.96mm"	"21.97mm"	"36.96mm"	"21.55mm"	"T"	"90"	"100nF"
"C2"	"C0603"	"18.92mm"	"63.5mm"	"18.92mm"	"63.5mm"	"19.62mm"	"63.5mm"	"T"	"180"	"10uF"
"C3"	"C0402"	"19.05mm"	"57.4mm"	"19.05mm"	"57.4mm"	"18.63mm"	"57.4mm"	"T"	"0"	"10nF"
"C4"	"C0805"	"31.88mm"	"61.6mm"	"31.88mm"	"61.6mm"	"30.88mm"	"61.6mm"	"T"	"0"	"22uF"
"C5"	"C0402"	"107.57mm"	"40.01mm"	"107.57mm"	"40.01mm"	"107.57mm"	"40.43mm"	"T"	"270"	"100nF"
"C6"	"CAP-SMD_BD6.3-L6.6-W6.6-LS7.2-R-RD"	"126.49mm"	"39.62mm"	"126.49mm"	"39.62mm"	"126.49mm"	"37.07mm"	"T"	"270"	"100uF"
"C7"	"C0402"	"76mm"	"11mm"	"76mm"	"11mm"	"76mm"	"11.42mm"	"T"	"270"	"100nF"
"C8"	"C0805"	"76mm"	"7mm"	"76mm"	"7mm"	"76mm"	"6mm"	"T"	"90"	"22uF"
"C9"	"C0603"	"37.21mm"	"49.66mm"	"37.21mm"	"49.66mm"	"37.91mm"	"49.66mm"	"T"	"180"	"10uF"
"D1"	"SMA_L4.3-W2.6-LS5.2-RD"	"11.56mm"	"59.18mm"	"11.56mm"	"59.18mm"	"13.76mm"	"59.18mm"	"T"	"180"	"SS24"
"D2"	"SMA_L4.3-W2.6-LS5.2-RD"	"24.51mm"	"55.88mm"	"24.51mm"	"55.88mm"	"24.51mm"	"53.68mm"	"T"	"90"	"SS24"
"J2"	"HDR-M-2.54_1X2"	"2.92mm"	"54.23mm"	"2.92mm"	"54.23mm"	"2.92mm"	"55.5mm"	"T"	"270"	"HDR-M-2.54_1x2"
"J6"	"HDR-M-2.54_1X6"	"70mm"	"65mm"	"70mm"	"65mm"	"63.65mm"	"65mm"	"T"	"0"	"HDR-M-2.54_1x6"
"J7"	"HDR-M-2.54_1X4"	"50mm"	"65mm"	"50mm"	"65mm"	"46.19mm"	"65mm"	"T"	"0"	"HDR-M-2.54_1x4"
"JUMP1"	"BREAKABLE JUMPER"	"33.66mm"	"16mm"	"32.39mm"	"14.99mm"	"32.89mm"	"16mm"	"T"	"0"	"Breakable Jumper"
"JUMP2"	"JUMPER"	"33.66mm"	"13.59mm"	"32.39mm"	"12.57mm"	"32.89mm"	"13.59mm"	"T"	"0"	"Jumper"
"JUMP3"	"JUMPER"	"28.7mm"	"27.18mm"	"29.97mm"	"28.19mm"	"29.46mm"	"27.18mm"	"T"	"180"	"Jumper"
"JUMP4"	"BREAKABLE JUMPER 3 WAY"	"3.02mm"	"60.97mm"	"2mm"	"63mm"	"3.02mm"	"62.49mm"	"T"	"270"	"Breakable Jumpber 3 Way"
"JUMP5"	"JUMPER"	"11.3mm"	"62.87mm"	"10.03mm"	"61.85mm"	"10.54mm"	"62.87mm"	"T"	"0"	"Jumper"
"JUMP6"	"BREAKABLE JUMPER"	"8.51mm"	"54.23mm"	"7.49mm"	"55.5mm"	"8.51mm"	"54.99mm"	"T"	"270"	"Breakable Jumper"
"JUMP7"	"BREAKABLE JUMPER"	"34.98mm"	"27.65mm"	"36mm"	"26.38mm"	"34.98mm"	"26.89mm"	"T"	"90"	"Breakable Jumper"
"JUMP8"	"BREAKABLE JUMPER"	"38.98mm"	"27.65mm"	"40mm"	"26.38mm"	"38.98mm"	"26.89mm"	"T"	"90"	"Breakable Jumper"
"JUMP9"	"BREAKABLE JUMPER"	"41.28mm"	"47.12mm"	"40.01mm"	"46.1mm"	"40.51mm"	"47.12mm"	"T"	"0"	"Breakable Jumper"
"JUMP10"	"BREAKABLE JUMPER"	"41.28mm"	"49.66mm"	"40.01mm"	"48.64mm"	"40.51mm"	"49.66mm"	"T"	"0"	"Breakable Jumper"
"K1"	"RELAY-TH_SRA-X-CX"	"141mm"	"21mm"	"141mm"	"21mm"	"136mm"	"14.65mm"	"T"	"270"	"SRA-12VDC-CL"
"K2"	"RELAY-TH_SRA-X-CX"	"123mm"	"21mm"	"123mm"	"21mm"	"118mm"	"14.65mm"	"T"	"270"	"SRA-12VDC-CL"
"K3"	"RELAY-TH_SRA-X-CX"	"105mm"	"21mm"	"105mm"	"21mm"	"100mm"	"14.65mm"	"T"	"270"	"SRA-12VDC-CL"
"K4"	"RELAY-TH_SRA-X-CX"	"87mm"	"21mm"	"87mm"	"21mm"	"82mm"	"14.65mm"	"T"	"270"	"SRA-12VDC-CL"
"L1"	"IND-SMD_L5.0-W5.0"	"31.88mm"	"55.5mm"	"31.88mm"	"55.5mm"	"29.88mm"	"55.5mm"	"T"	"180"	"4.7uH"
"LED1"	"LED0603-RD"	"13.59mm"	"54.23mm"	"13.59mm"	"54.23mm"	"13.59mm"	"53.48mm"	"T"	"90"	"KT-0603R"
"LED2"	"LED0603-RD"	"39.5mm"	"4mm"	"39.5mm"	"4mm"	"39.5mm"	"3.25mm"	"T"	"90"	"KT-0603R"
"LED3"	"LED0603-RD"	"39mm"	"35.38mm"	"39mm"	"35.38mm"	"39mm"	"36.13mm"	"T"	"270"	"KT-0603R"
"LED4"	"LED0603-RD"	"35mm"	"35.38mm"	"35mm"	"35.38mm"	"35mm"	"36.13mm"	"T"	"270"	"KT-0603R"
"LED5"	"LED0603-RD"	"87.87mm"	"54.42mm"	"87.87mm"	"54.42mm"	"88.62mm"	"54.42mm"	"T"	"180"	"KT-0603R"
"LED6"	"LED0603-RD"	"87.87mm"	"47.42mm"	"87.87mm"	"47.42mm"	"88.62mm"	"47.42mm"	"T"	"180"	"KT-0603R"
"LED7"	"LED0603-RD"	"87.87mm"	"40.42mm"	"87.87mm"	"40.42mm"	"88.62mm"	"40.42mm"	"T"	"180"	"KT-0603R"
"LED8"	"LED0603-RD"	"87.87mm"	"33.42mm"	"87.87mm"	"33.42mm"	"88.62mm"	"33.42mm"	"T"	"180"	"KT-0603R"
"P1"	"CONN-TH_2P-P5.00_WJ301V-5.00-2P"	"5mm"	"46mm"	"5mm"	"46mm"	"5mm"	"48.5mm"	"T"	"270"	"WJ301V-5.0-2P"
"P2"	"CONN-TH_2P-P5.00_WJ301V-5.00-3P"	"141mm"	"5mm"	"141mm"	"5mm"	"135.99mm"	"5mm"	"T"	"0"	"WJ301V-5.0-3P"
"P3"	"CONN-TH_2P-P5.00_WJ301V-5.00-3P"	"123mm"	"5mm"	"123mm"	"5mm"	"117.99mm"	"5mm"	"T"	"0"	"WJ301V-5.0-3P"
"P4"	"CONN-TH_2P-P5.00_WJ301V-5.00-3P"	"105mm"	"5mm"	"105mm"	"5mm"	"99.99mm"	"5mm"	"T"	"0"	"WJ301V-5.0-3P"
"P5"	"CONN-TH_2P-P5.00_WJ301V-5.00-3P"	"87mm"	"5mm"	"87mm"	"5mm"	"81.99mm"	"5mm"	"T"	"0"	"WJ301V-5.0-3P"
"P6"	"CONN-TH_2P-P5.00_WJ301V-5.00-2P"	"150mm"	"62mm"	"150mm"	"62mm"	"150mm"	"59.5mm"	"T"	"90"	"WJ301V-5.0-2P"
"P7"	"CONN-TH_2P-P5.00_WJ301V-5.00-2P"	"150mm"	"50mm"	"150mm"	"50mm"	"150mm"	"47.5mm"	"T"	"90"	"WJ301V-5.0-2P"
"P8"	"CONN-TH_2P-P5.00_WJ301V-5.00-2P"	"150mm"	"37mm"	"150mm"	"37mm"	"150mm"	"34.5mm"	"T"	"90"	"WJ301V-5.0-2P"
"R1"	"R0805"	"37.85mm"	"13.59mm"	"37.85mm"	"13.59mm"	"36.85mm"	"13.59mm"	"T"	"0"	"10kΩ"
"R2"	"R0603"	"25.02mm"	"26.67mm"	"25.02mm"	"26.67mm"	"25.02mm"	"27.42mm"	"T"	"270"	"120Ω"
"R3"	"R0402"	"15.24mm"	"62.61mm"	"15.24mm"	"62.61mm"	"14.81mm"	"62.61mm"	"T"	"0"	"100kΩ"
"R4"	"R0603"	"22.61mm"	"63.12mm"	"22.61mm"	"63.12mm"	"22.61mm"	"62.37mm"	"T"	"90"	"9.53kΩ"
"R5"	"R0603"	"25.65mm"	"61.34mm"	"25.65mm"	"61.34mm"	"24.9mm"	"61.34mm"	"T"	"0"	"49.9kΩ"
"R6"	"R0603"	"11.56mm"	"54.23mm"	"11.56mm"	"54.23mm"	"11.56mm"	"53.48mm"	"T"	"90"	"1kΩ"
"R7"	"R0603"	"42mm"	"4mm"	"42mm"	"4mm"	"42mm"	"3.25mm"	"T"	"90"	"1kΩ"
"R8"	"R0603"	"39mm"	"31.38mm"	"39mm"	"31.38mm"	"39mm"	"30.63mm"	"T"	"90"	"1kΩ"
"R9"	"R0603"	"35mm"	"31.38mm"	"35mm"	"31.38mm"	"35mm"	"30.63mm"	"T"	"90"	"1kΩ"
"R10"	"R0603"	"83.87mm"	"54.42mm"	"83.87mm"	"54.42mm"	"83.12mm"	"54.42mm"	"T"	"0"	"1kΩ"
"R11"	"R0603"	"83.87mm"	"47.42mm"	"83.87mm"	"47.42mm"	"83.12mm"	"47.42mm"	"T"	"0"	"1kΩ"
"R12"	"R0603"	"83.87mm"	"40.42mm"	"83.87mm"	"40.42mm"	"83.12mm"	"40.42mm"	"T"	"0"	"1kΩ"
"R13"	"R0603"	"83.87mm"	"33.42mm"	"83.87mm"	"33.42mm"	"83.12mm"	"33.42mm"	"T"	"0"	"1kΩ"
"R14"	"R0603"	"87.87mm"	"56.67mm"	"87.87mm"	"56.67mm"	"87.12mm"	"56.67mm"	"T"	"0"	"220Ω"
"R15"	"R0603"	"123mm"	"47mm"	"123mm"	"47mm"	"122.25mm"	"47mm"	"T"	"0"	"10kΩ"
"R16"	"R0603"	"123mm"	"48.75mm"	"123mm"	"48.75mm"	"123.75mm"	"48.75mm"	"T"	"180"	"10kΩ"
"R17"	"R0603"	"123mm"	"50.5mm"	"123mm"	"50.5mm"	"122.25mm"	"50.5mm"	"T"	"0"	"10kΩ"
"R18"	"R0603"	"123mm"	"52.25mm"	"123mm"	"52.25mm"	"122.25mm"	"52.25mm"	"T"	"0"	"10kΩ"
"R19"	"R0603"	"87.87mm"	"49.67mm"	"87.87mm"	"49.67mm"	"87.12mm"	"49.67mm"	"T"	"0"	"220Ω"
"R20"	"R0603"	"87.87mm"	"42.67mm"	"87.87mm"	"42.67mm"	"87.12mm"	"42.67mm"	"T"	"0"	"220Ω"
"R21"	"R0603"	"87.87mm"	"35.67mm"	"87.87mm"	"35.67mm"	"87.12mm"	"35.67mm"	"T"	"0"	"220Ω"
"R22"	"R0603"	"143mm"	"64.5mm"	"143mm"	"64.5mm"	"143.75mm"	"64.5mm"	"T"	"180"	"4.7kΩ"
"R23"	"R0603"	"143mm"	"59.5mm"	"143mm"	"59.5mm"	"143.75mm"	"59.5mm"	"T"	"180"	"4.7kΩ"
"R24"	"R0603"	"143mm"	"52.5mm"	"143mm"	"52.5mm"	"143.75mm"	"52.5mm"	"T"	"180"	"4.7kΩ"
"R25"	"R0603"	"143mm"	"47.5mm"	"143mm"	"47.5mm"	"143.75mm"	"47.5mm"	"T"	"180"	"4.7kΩ"
"R26"	"R0603"	"25mm"	"48mm"	"25mm"	"48mm"	"24.25mm"	"48mm"	"T"	"0"	"10kΩ"
"R27"	"R0603"	"25mm"	"46mm"	"25mm"	"46mm"	"24.25mm"	"46mm"	"T"	"0"	"10kΩ"
"R28"	"R0603"	"25mm"	"44mm"	"25mm"	"44mm"	"24.25mm"	"44mm"	"T"	"0"	"10kΩ"
"R29"	"R0603"	"25mm"	"42mm"	"25mm"	"42mm"	"24.25mm"	"42mm"	"T"	"0"	"10kΩ"
"R30"	"R0603"	"37.21mm"	"47.12mm"	"37.21mm"	"47.12mm"	"36.46mm"	"47.12mm"	"T"	"0"	"10kΩ"
"RJ1"	"RJ45-TH_R-RJ45R08P-2006"	"15mm"	"22mm"	"15mm"	"22mm"	"18.55mm"	"33.43mm"	"T"	"270"	"R-RJ45R08P-2006"
"TP1"	"TEST POINT 1MM"	"32mm"	"26.04mm"	"32mm"	"26.04mm"	"32mm"	"26.04mm"	"B"	"180"	"TEST POINT 1mm"
"TP2"	"TEST POINT 1MM"	"50mm"	"5mm"	"50mm"	"5mm"	"50mm"	"5mm"	"B"	"180"	"TEST POINT 1mm"
"TP3"	"TEST POINT 1MM"	"83.82mm"	"56.64mm"	"83.82mm"	"56.64mm"	"83.82mm"	"56.64mm"	"B"	"180"	"TEST POINT 1mm"
"TP4"	"TEST POINT 1MM"	"83.82mm"	"49.66mm"	"83.82mm"	"49.66mm"	"83.82mm"	"49.66mm"	"B"	"180"	"TEST POINT 1mm"
"TP5"	"TEST POINT 1MM"	"83.82mm"	"42.67mm"	"83.82mm"	"42.67mm"	"83.82mm"	"42.67mm"	"B"	"180"	"TEST POINT 1mm"
"TP6"	"TEST POINT 1MM"	"83.82mm"	"35.56mm"	"83.82mm"	"35.56mm"	"83.82mm"	"35.56mm"	"B"	"180"	"TEST POINT 1mm"
"TP7"	"TEST POINT 1MM"	"25mm"	"7mm"	"25mm"	"7mm"	"25mm"	"7mm"	"T"	"0"	"TEST POINT 1mm"
"TP8"	"TEST POINT 1MM"	"143.76mm"	"62.61mm"	"143.76mm"	"62.61mm"	"143.76mm"	"62.61mm"	"B"	"180"	"TEST POINT 1mm"
"TP9"	"TEST POINT 1MM"	"143.76mm"	"57.66mm"	"143.76mm"	"57.66mm"	"143.76mm"	"57.66mm"	"T"	"0"	"TEST POINT 1mm"
"TP10"	"TEST POINT 1MM"	"143.76mm"	"50.67mm"	"143.76mm"	"50.67mm"	"143.76mm"	"50.67mm"	"B"	"180"	"TEST POINT 1mm"
"TP11"	"TEST POINT 1MM"	"143.76mm"	"45.72mm"	"143.76mm"	"45.72mm"	"143.76mm"	"45.72mm"	"B"	"180"	"TEST POINT 1mm"
"TP12"	"TEST POINT 1MM"	"18.41mm"	"53.85mm"	"18.42mm"	"53.85mm"	"18.41mm"	"53.85mm"	"B"	"180"	"TEST POINT 1mm"
"TP13"	"TEST POINT 1.5MM"	"18.42mm"	"50.17mm"	"18.42mm"	"50.17mm"	"18.42mm"	"50.17mm"	"T"	"0"	"TEST POINT 1.5mm"
"TP14"	"TEST POINT 1MM"	"68mm"	"5mm"	"68mm"	"5mm"	"68mm"	"5mm"	"T"	"0"	"TEST POINT 1mm"
"TP15"	"TEST POINT 1MM"	"52mm"	"5mm"	"52mm"	"5mm"	"52mm"	"5mm"	"T"	"0"	"TEST POINT 1mm"
"U1"	"ESP32 WROOM CH340"	"60.08mm"	"28.87mm"	"60mm"	"27mm"	"47.38mm"	"46.65mm"	"T"	"180"	"ESP32 WROOM"
"U2"	"SOIC-8_L4.9-W3.9-P1.27-LS6.0-BL"	"31.5mm"	"21.84mm"	"31.5mm"	"21.84mm"	"34.07mm"	"19.94mm"	"T"	"90"	"SN65HVD230DR"
"U3"	"SOT-23-6_L2.9-W1.6-P0.95-LS2.8-BR"	"19.05mm"	"60.2mm"	"19.05mm"	"60.2mm"	"20.4mm"	"59.25mm"	"T"	"0"	"MP2359DJ-LF-Z-MS"
"U4"	"SOP-18_L11.4-W7.6-P1.27-LS10.6-BL"	"115mm"	"40mm"	"115mm"	"40mm"	"120.08mm"	"44.96mm"	"T"	"180"	"ULN2803AD"
"U5"	"DIP-4_L6.4-W4.6-P2.54-LS7.6-BL"	"94.87mm"	"55.42mm"	"94.87mm"	"55.42mm"	"91.06mm"	"56.68mm"	"T"	"270"	"PC817X2NSZW"
"U6"	"DIP-4_L6.4-W4.6-P2.54-LS7.6-BL"	"94.87mm"	"48.42mm"	"94.87mm"	"48.42mm"	"91.06mm"	"49.68mm"	"T"	"270"	"PC817X2NSZW"
"U7"	"DIP-4_L6.4-W4.6-P2.54-LS7.6-BL"	"94.87mm"	"41.42mm"	"94.87mm"	"41.42mm"	"91.06mm"	"42.68mm"	"T"	"270"	"PC817X2NSZW"
"U8"	"DIP-4_L6.4-W4.6-P2.54-LS7.6-BL"	"94.87mm"	"34.42mm"	"94.87mm"	"34.42mm"	"91.06mm"	"35.68mm"	"T"	"270"	"PC817X2NSZW"
"U9"	"DIP-4_L6.4-W4.6-P2.54-LS7.6-BL"	"134mm"	"62mm"	"134mm"	"62mm"	"132.74mm"	"58.19mm"	"T"	"0"	"PC817X2NSZW"
"U10"	"DIP-4_L6.4-W4.6-P2.54-LS7.6-BL"	"127mm"	"62mm"	"127mm"	"62mm"	"125.74mm"	"58.19mm"	"T"	"0"	"PC817X2NSZW"
"U11"	"DIP-4_L6.4-W4.6-P2.54-LS7.6-BL"	"120mm"	"62mm"	"120mm"	"62mm"	"118.74mm"	"58.19mm"	"T"	"0"	"PC817X2NSZW"
"U12"	"DIP-4_L6.4-W4.6-P2.54-LS7.6-BL"	"113mm"	"62mm"	"113mm"	"62mm"	"111.74mm"	"58.19mm"	"T"	"0"	"PC817X2NSZW"
